"date,sleep_hours,study_hours,coding_hours,applications_sent,interviews,exercise_minutes,productive_hours,mood_score"
"2026-10-01,7.0,3.0,2.0,2,0,30,5.0,7"
"2026-10-02,7.5,3.5,2.5,3,0,40,6.0,8"
"2026-10-03,6.5,4.0,3.0,2,0,20,6.5,7"
"2026-10-04,8.0,2.5,2.0,1,1,45,5.5,9"
"2026-10-05,7.0,4.0,3.0,4,0,30,7.0,8"
"2026-10-06,7.5,3.5,3.0,3,0,35,6.5,8"
"2026-10-07,6.5,4.5,3.5,4,1,30,7.5,9"
"2026-10-08,7.0,3.0,2.5,2,0,25,5.5,7"
"2026-10-09,8.0,4.0,3.5,3,1,45,7.5,9"
"2026-10-10,7.5,3.5,3.0,2,0,30,6.5,8"
