"application_id,application_date,company,role,location,job_type,source,status,interview_round,salary,notes"
"1,2026-10-01,Amazon,Data Engineer,Bangalore,Full-Time,LinkedIn,Applied,None,1200000,"
"2,2026-10-01,Microsoft,Data Engineer,Hyderabad,Full-Time,LinkedIn,Applied,None,1500000,"
"3,2026-10-02,Google,Data Analyst,Bangalore,Full-Time,LinkedIn,Applied,None,1400000,"
"4,2026-10-02,Databricks,Data Engineer,Remote,Full-Time,LinkedIn,Applied,None,1800000,"
"5,2026-10-03,Accenture,Data Engineer,Noida,Full-Time,Naukri,Rejected,None,900000,"
"6,2026-10-03,Deloitte,Analytics Engineer,Gurgaon,Full-Time,Naukri,Interview,Technical,1100000,"
"7,2026-10-04,Microsoft,Analytics Engineer,Remote,Full-Time,LinkedIn,Applied,None,1600000,"
"8,2026-10-04,Amazon,Data Analyst,Hyderabad,Full-Time,Indeed,Rejected,None,1000000,"
"9,2026-10-05,Adobe,Data Engineer,Noida,Full-Time,LinkedIn,Applied,None,1300000,"
"10,2026-10-05,Flipkart,Data Engineer,Bangalore,Full-Time,Naukri,Interview,HR,1200000,"
"11,2026-10-06,Google,Analytics Engineer,Remote,Full-Time,LinkedIn,Applied,None,1500000,"
"12,2026-10-06,Infosys,Data Engineer,Noida,Full-Time,Naukri,Rejected,None,850000,"
"13,2026-10-07,Paytm,Data Engineer,Noida,Full-Time,LinkedIn,Applied,None,1100000,"
"14,2026-10-07,Adobe,Data Analyst,Noida,Full-Time,Indeed,Interview,Technical,1250000,"
"15,2026-10-08,Microsoft,Data Engineer,Remote,Full-Time,LinkedIn,Applied,None,1600000,"
"16,2026-10-08,Walmart,Data Engineer,Bangalore,Full-Time,LinkedIn,Rejected,None,1400000,"
"17,2026-10-09,Uber,Data Engineer,Bangalore,Full-Time,LinkedIn,Applied,None,1700000,"
"18,2026-10-09,Accenture,Analytics Engineer,Noida,Full-Time,Naukri,Applied,None,950000,"
"19,2026-10-10,Google,Data Engineer,Remote,Full-Time,LinkedIn,Interview,Technical,1800000,"
"20,2026-10-10,Deloitte,Data Analyst,Gurgaon,Full-Time,Naukri,Rejected,None,1000000"
