"learning_id,date,technology,topic,hours,problems_solved,project_hours,notes"
"1,2026-10-01,SQL,Advanced Joins,1.5,8,0.5,Practiced joins"
"2,2026-10-01,Python,Pandas,1.0,5,1.0,Data cleaning practice"
"3,2026-10-02,SQL,CTE,1.5,10,0.5,CTE exercises"
"4,2026-10-02,Python,File Handling,1.0,5,1.0,CSV processing"
"5,2026-10-03,Databricks,Introduction,2.0,0,2.0,Created workspace"
"6,2026-10-03,SQL,Window Functions,1.5,10,0.5,RANK and ROW_NUMBER"
"7,2026-10-04,Python,Exception Handling,1.0,5,1.0,Error handling"
"8,2026-10-04,PySpark,DataFrames,2.0,5,2.0,DataFrame basics"
"9,2026-10-05,SQL,Aggregations,1.0,8,0.5,Group by practice"
"10,2026-10-05,Databricks,Delta Lake,2.0,0,2.0,Delta table learning"
